name,lastName,age
Mateo,Schulze,25
Sofia,Schulze,30
Diego,Schulze,28
Valentina,Schulze,27
Nicolas,Schulze,23
Camila,Schulze,26
Juan,Schulze,29
Facundo,Schulze,31
Marina,Schulze,32
Bruno,Schulze,25
Martina,Schulze,30
Lucas,Schulze,28
Isabella,Schulze,27
Santiago,Schulze,23
Valeria,Schulze,26
Mateo,Schulze,29
Julieta,Schulze,31
Pablo,Schulze,32
Carolina,Schulze,25
Tomas,Schulze,30
Clara,Schulze,28
Agustin,Schulze,27
Sofia,Schulze,23
Facundo,Schulze,26
Antonella,Schulze,29
Javier,Schulze,31
Lucia,Schulze,32
Juan,Schulze,25
Camila,Schulze,30
Mateo,Schulze,28
Valentina,Schulze,27
Nicolas,Schulze,23
Antonia,Schulze,26
Martin,Schulze,29
Renata,Schulze,31
Leonardo,Schulze,32
Emma,Schulze,25
Facundo,Schulze,30
Catalina,Schulze,28
Pablo,Schulze,27
Victoria,Schulze,23
Tomas,Schulze,26
Lucia,Schulze,29
Camilo,Schulze,31
Valeria,Schulze,32
Franco,Schulze,25
Martina,Schulze,30
Lucas,Schulze,28
Isabella,Schulze,27
Santiago,Schulze,23
Valentina,Schulze,26
Mateo,Schulze,29
Julieta,Schulze,31
Pablo,Schulze,32
Carolina,Schulze,25
Tomas,Schulze,30
Clara,Schulze,28
Agustin,Schulze,27
Sofia,Schulze,23
Facundo,Schulze,26
Antonella,Schulze,29
Javier,Schulze,31
Lucia,Schulze,32
Juan,Schulze,25
Camila,Schulze,30
Mateo,Schulze,28
Valentina,Schulze,27
Nicolas,Schulze,23
Antonia,Schulze,26
Martin,Schulze,29
Renata,Schulze,31
Leonardo,Schulze,32
Emma,Schulze,25
Facundo,Schulze,30
Catalina,Schulze,28
Pablo,Schulze,27
Victoria,Schulze,23
Tomas,Schulze,26
Lucia,Schulze,29
Camilo,Schulze,31
Valeria,Schulze,32
Franco,Schulze,25
Martina,Schulze,30
Lucas,Schulze,28
Isabella,Schulze,27
Santiago,Schulze,23
Valentina,Schulze,26
Mateo,Schulze,29
Julieta,Schulze,31
Pablo,Schulze,32
Carolina,Schulze,25
Tomas,Schulze,30
Clara,Schulze,28
Agustin,Schulze,27
Sofia,Schulze,23
Facundo,Schulze,26
Antonella,Schulze,29
Javier,Schulze,31
Lucia,Schulze,32
Juan,Schulze,25
Camila,Schulze,30
Mateo,Schulze,28
Valentina,Schulze,27
Nicolas,Schulze,23
Antonia,Schulze,26
Martin,Schulze,29
Renata,Schulze,31
Leonardo,Schulze,32
Emma,Schulze,25
